Workbook

Sheet Catalog
A1: index | B1: id | C1: section | D1: bucket | E1: persona | F1: priority | G1: en | H1: no | I1: en_words | J1: no_words | K1: en_chars | L1: no_chars | M1: dup_en | N1: dup_no | O1: section_ok | P1: review_status | Q1: notes | R1: action_needed
A2: 119 | B2: breath.cooldown.1 | C2: breath.cooldown | D2: breath.cooldown.1 | E2: personal_trainer | F2: core | G2: Deep breath in... slow breath out. | H2: Dypt inn... sakte ut. | I2: =IF(LEN(TRIM(G2))=0,0,LEN(TRIM(G2))-LEN(SUBSTITUTE(TRIM(G2)," ",""))+1) | J2: =IF(LEN(TRIM(H2))=0,0,LEN(TRIM(H2))-LEN(SUBSTITUTE(TRIM(H2)," ",""))+1) | K2: =LEN(G2) | L2: =LEN(H2) | M2: =IF(COUNTIF($G:$G,G2)>1,"DUP","") | N2: =IF(COUNTIF($H:$H,H2)>1,"DUP","") | O2: =IF(LEFT(B2,LEN(C2))=C2,"OK","CHECK") | P2: Review | R2: =IF(OR(M2="DUP",N2="DUP",O2="CHECK"),"CHECK","")
A3: 120 | B3: breath.cooldown.2 | C3: breath.cooldown | D3: breath.cooldown.2 | E3: personal_trainer | F3: core | G3: You earned this. Breathe deep. | H3: Du fortjente dette. Pust dypt. | I3: =IF(LEN(TRIM(G3))=0,0,LEN(TRIM(G3))-LEN(SUBSTITUTE(TRIM(G3)," ",""))+1) | J3: =IF(LEN(TRIM(H3))=0,0,LEN(TRIM(H3))-LEN(SUBSTITUTE(TRIM(H3)," ",""))+1) | K3: =LEN(G3) | L3: =LEN(H3) | M3: =IF(COUNTIF($G:$G,G3)>1,"DUP","") | N3: =IF(COUNTIF($H:$H,H3)>1,"DUP","") | O3: =IF(LEFT(B3,LEN(C3))=C3,"OK","CHECK") | P3: Review | R3: =IF(OR(M3="DUP",N3="DUP",O3="CHECK"),"CHECK","")
A4: 121 | B4: breath.cooldown.3 | C4: breath.cooldown | D4: breath.cooldown.3 | E4: personal_trainer | F4: core | G4: Let your breathing return to normal. | H4: La pusten komme tilbake til normalt. | I4: =IF(LEN(TRIM(G4))=0,0,LEN(TRIM(G4))-LEN(SUBSTITUTE(TRIM(G4)," ",""))+1) | J4: =IF(LEN(TRIM(H4))=0,0,LEN(TRIM(H4))-LEN(SUBSTITUTE(TRIM(H4)," ",""))+1) | K4: =LEN(G4) | L4: =LEN(H4) | M4: =IF(COUNTIF($G:$G,G4)>1,"DUP","") | N4: =IF(COUNTIF($H:$H,H4)>1,"DUP","") | O4: =IF(LEFT(B4,LEN(C4))=C4,"OK","CHECK") | P4: Review | R4: =IF(OR(M4="DUP",N4="DUP",O4="CHECK"),"CHECK","")
A5: 122 | B5: breath.cooldown.4 | C5: breath.cooldown | D5: breath.cooldown.4 | E5: personal_trainer | F5: core | G5: Relax everything. Just breathe. | H5: Slapp av alt. Bare pust. | I5: =IF(LEN(TRIM(G5))=0,0,LEN(TRIM(G5))-LEN(SUBSTITUTE(TRIM(G5)," ",""))+1) | J5: =IF(LEN(TRIM(H5))=0,0,LEN(TRIM(H5))-LEN(SUBSTITUTE(TRIM(H5)," ",""))+1) | K5: =LEN(G5) | L5: =LEN(H5) | M5: =IF(COUNTIF($G:$G,G5)>1,"DUP","") | N5: =IF(COUNTIF($H:$H,H5)>1,"DUP","") | O5: =IF(LEFT(B5,LEN(C5))=C5,"OK","CHECK") | P5: Review | R5: =IF(OR(M5="DUP",N5="DUP",O5="CHECK"),"CHECK","")
A6: 123 | B6: breath.cooldown.5 | C6: breath.cooldown | D6: breath.cooldown.5 | E6: personal_trainer | F6: core | G6: Great session. Wind it down. | H6: Bra økt. Ro det ned. | I6: =IF(LEN(TRIM(G6))=0,0,LEN(TRIM(G6))-LEN(SUBSTITUTE(TRIM(G6)," ",""))+1) | J6: =IF(LEN(TRIM(H6))=0,0,LEN(TRIM(H6))-LEN(SUBSTITUTE(TRIM(H6)," ",""))+1) | K6: =LEN(G6) | L6: =LEN(H6) | M6: =IF(COUNTIF($G:$G,G6)>1,"DUP","") | N6: =IF(COUNTIF($H:$H,H6)>1,"DUP","") | O6: =IF(LEFT(B6,LEN(C6))=C6,"OK","CHECK") | P6: Review | R6: =IF(OR(M6="DUP",N6="DUP",O6="CHECK"),"CHECK","")
A7: 109 | B7: breath.intense.1 | C7: breath.intense | D7: breath.intense.1 | E7: personal_trainer | F7: core | G7: Breathe through it. | H7: Pust gjennom det. | I7: =IF(LEN(TRIM(G7))=0,0,LEN(TRIM(G7))-LEN(SUBSTITUTE(TRIM(G7)," ",""))+1) | J7: =IF(LEN(TRIM(H7))=0,0,LEN(TRIM(H7))-LEN(SUBSTITUTE(TRIM(H7)," ",""))+1) | K7: =LEN(G7) | L7: =LEN(H7) | M7: =IF(COUNTIF($G:$G,G7)>1,"DUP","") | N7: =IF(COUNTIF($H:$H,H7)>1,"DUP","") | O7: =IF(LEFT(B7,LEN(C7))=C7,"OK","CHECK") | P7: Review | R7: =IF(OR(M7="DUP",N7="DUP",O7="CHECK"),"CHECK","")
A8: 110 | B8: breath.intense.2 | C8: breath.intense | D8: breath.intense.2 | E8: personal_trainer | F8: core | G8: Strong exhale. Power. | H8: Sterk utpust. Kraft. | I8: =IF(LEN(TRIM(G8))=0,0,LEN(TRIM(G8))-LEN(SUBSTITUTE(TRIM(G8)," ",""))+1) | J8: =IF(LEN(TRIM(H8))=0,0,LEN(TRIM(H8))-LEN(SUBSTITUTE(TRIM(H8)," ",""))+1) | K8: =LEN(G8) | L8: =LEN(H8) | M8: =IF(COUNTIF($G:$G,G8)>1,"DUP","") | N8: =IF(COUNTIF($H:$H,H8)>1,"DUP","") | O8: =IF(LEFT(B8,LEN(C8))=C8,"OK","CHECK") | P8: Review | R8: =IF(OR(M8="DUP",N8="DUP",O8="CHECK"),"CHECK","")
A9: 111 | B9: breath.intense.3 | C9: breath.intense | D9: breath.intense.3 | E9: personal_trainer | F9: core | G9: Don't hold your breath. | H9: Ikke hold pusten. | I9: =IF(LEN(TRIM(G9))=0,0,LEN(TRIM(G9))-LEN(SUBSTITUTE(TRIM(G9)," ",""))+1) | J9: =IF(LEN(TRIM(H9))=0,0,LEN(TRIM(H9))-LEN(SUBSTITUTE(TRIM(H9)," ",""))+1) | K9: =LEN(G9) | L9: =LEN(H9) | M9: =IF(COUNTIF($G:$G,G9)>1,"DUP","") | N9: =IF(COUNTIF($H:$H,H9)>1,"DUP","") | O9: =IF(LEFT(B9,LEN(C9))=C9,"OK","CHECK") | P9: Review | R9: =IF(OR(M9="DUP",N9="DUP",O9="CHECK"),"CHECK","")
A10: 112 | B10: breath.intense.4 | C10: breath.intense | D10: breath.intense.4 | E10: personal_trainer | F10: core | G10: Exhale on the effort. | H10: Pust ut på innsatsen. | I10: =IF(LEN(TRIM(G10))=0,0,LEN(TRIM(G10))-LEN(SUBSTITUTE(TRIM(G10)," ",""))+1) | J10: =IF(LEN(TRIM(H10))=0,0,LEN(TRIM(H10))-LEN(SUBSTITUTE(TRIM(H10)," ",""))+1) | K10: =LEN(G10) | L10: =LEN(H10) | M10: =IF(COUNTIF($G:$G,G10)>1,"DUP","") | N10: =IF(COUNTIF($H:$H,H10)>1,"DUP","") | O10: =IF(LEFT(B10,LEN(C10))=C10,"OK","CHECK") | P10: Review | R10: =IF(OR(M10="DUP",N10="DUP",O10="CHECK"),"CHECK","")
A11: 113 | B11: breath.intense.5 | C11: breath.intense | D11: breath.intense.5 | E11: personal_trainer | F11: core | G11: Keep breathing. Stay with it. | H11: Fortsett å puste. Hold deg i det. | I11: =IF(LEN(TRIM(G11))=0,0,LEN(TRIM(G11))-LEN(SUBSTITUTE(TRIM(G11)," ",""))+1) | J11: =IF(LEN(TRIM(H11))=0,0,LEN(TRIM(H11))-LEN(SUBSTITUTE(TRIM(H11)," ",""))+1) | K11: =LEN(G11) | L11: =LEN(H11) | M11: =IF(COUNTIF($G:$G,G11)>1,"DUP","") | N11: =IF(COUNTIF($H:$H,H11)>1,"DUP","") | O11: =IF(LEFT(B11,LEN(C11))=C11,"OK","CHECK") | P11: Review | R11: =IF(OR(M11="DUP",N11="DUP",O11="CHECK"),"CHECK","")
A12: 124 | B12: breath.interrupt.cant_breathe.1 | C12: breath.interrupt | D12: breath.interrupt.cant_breathe | E12: personal_trainer | F12: core | G12: That's okay. Slow way down. Breathe through your nose. | H12: Det er greit. Senk farten. Pust gjennom nesen. | I12: =IF(LEN(TRIM(G12))=0,0,LEN(TRIM(G12))-LEN(SUBSTITUTE(TRIM(G12)," ",""))+1) | J12: =IF(LEN(TRIM(H12))=0,0,LEN(TRIM(H12))-LEN(SUBSTITUTE(TRIM(H12)," ",""))+1) | K12: =LEN(G12) | L12: =LEN(H12) | M12: =IF(COUNTIF($G:$G,G12)>1,"DUP","") | N12: =IF(COUNTIF($H:$H,H12)>1,"DUP","") | O12: =IF(LEFT(B12,LEN(C12))=C12,"OK","CHECK") | P12: Review | R12: =IF(OR(M12="DUP",N12="DUP",O12="CHECK"),"CHECK","")
A13: 126 | B13: breath.interrupt.dizzy.1 | C13: breath.interrupt | D13: breath.interrupt.dizzy | E13: personal_trainer | F13: core | G13: Stop moving. Sit down if you need to. Slow nose breathing. | H13: Stopp. Sett deg ned om du trenger. Rolig nesepust. | I13: =IF(LEN(TRIM(G13))=0,0,LEN(TRIM(G13))-LEN(SUBSTITUTE(TRIM(G13)," ",""))+1) | J13: =IF(LEN(TRIM(H13))=0,0,LEN(TRIM(H13))-LEN(SUBSTITUTE(TRIM(H13)," ",""))+1) | K13: =LEN(G13) | L13: =LEN(H13) | M13: =IF(COUNTIF($G:$G,G13)>1,"DUP","") | N13: =IF(COUNTIF($H:$H,H13)>1,"DUP","") | O13: =IF(LEFT(B13,LEN(C13))=C13,"OK","CHECK") | P13: Review | R13: =IF(OR(M13="DUP",N13="DUP",O13="CHECK"),"CHECK","")
... A168: 135 | B168: zone.workout_finished.1 | C168: zone.workout_finished | D168: zone.workout_finished.1 | E168: personal_trainer | F168: core | G168: Workout finished. Nice work. | H168: Økten er ferdig. Bra jobbet. | I168: =IF(LEN(TRIM(G168))=0,0,LEN(TRIM(G168))-LEN(SUBSTITUTE(TRIM(G168)," ",""))+1) | J168: =IF(LEN(TRIM(H168))=0,0,LEN(TRIM(H168))-LEN(SUBSTITUTE(TRIM(H168)," ",""))+1) | K168: =LEN(G168) | L168: =LEN(H168) | M168: =IF(COUNTIF($G:$G,G168)>1,"DUP","") | N168: =IF(COUNTIF($H:$H,H168)>1,"DUP","") | O168: =IF(LEFT(B168,LEN(C168))=C168,"OK","CHECK") | P168: Review | R168: =IF(OR(M168="DUP",N168="DUP",O168="CHECK"),"CHECK","")

Sheet Summary
A1: Phrase Catalog QA Summary
A3: Total phrases | B3: =COUNTA(Catalog!B:B)-1
A4: Duplicate English phrases | B4: =COUNTIF(Catalog!M:M,"DUP")
A5: Duplicate Norwegian phrases | B5: =COUNTIF(Catalog!N:N,"DUP")
A6: Section/id mismatches | B6: =COUNTIF(Catalog!O:O,"CHECK")
A7: Rows marked action_needed | B7: =COUNTIF(Catalog!R:R,"CHECK")
A9: Priority core | B9: =COUNTIF(Catalog!F:F,"core")
A10: Priority extended | B10: =COUNTIF(Catalog!F:F,"extended")
A12: Review status = Review | B12: =COUNTIF(Catalog!P:P,"Review")
A13: Review status = Keep | B13: =COUNTIF(Catalog!P:P,"Keep")
A14: Review status = Edit | B14: =COUNTIF(Catalog!P:P,"Edit")
A15: Review status = Remove | B15: =COUNTIF(Catalog!P:P,"Remove")
A16: Review status = Needs Translation | B16: =COUNTIF(Catalog!P:P,"Needs Translation")
A18: Tip: filter the Catalog sheet by action_needed and review_status.
